,Library,Model,Type,Accuracy,Precision,Recall,PR_AUC
0,sklearn,MLPClassifier(max_iter=3000),test,0.9868421052631579,0.9719626168224299,0.9285714285714286,0.9550517116921446
0,sklearn,MLPClassifier(max_iter=3000),valid,0.9880382775119616,0.981132075471698,0.9285714285714286,0.9596364410167788
1,sklearn,MLPClassifier(max_iter=3000),train,1.0,1.0,1.0,1.0
2,sklearn,ComplementNB(),test,0.9784688995215312,0.9351851851851852,0.9017857142857144,0.9250643971038708
3,sklearn,ComplementNB(),valid,0.9820574162679426,0.944954128440367,0.9196428571428572,0.9376812679112292
4,sklearn,ComplementNB(),train,0.9846153846153848,0.9343339587242028,0.9521988527724664,0.9464715339534628
